,City,City ID,Cloudiness,Country,Date,Humidity,Lat,Lng,Max Temp,Wind Speed
0,Avarua,4035715,93,CK,1563682497,68,-21.21,-159.78,71.6,10.29
1,Burla,1508636,0,RU,1563682498,56,53.34,78.33,74.75,5.99
2,Mandalgovi,2030065,92,MN,1563682498,27,45.76,106.27,80.33,7.81
3,Ushuaia,3833367,0,AR,1563682221,69,-54.81,-68.31,33.8,5.82
4,East London,1006984,0,ZA,1563682499,70,-33.02,27.91,46.4,8.05
5,Winnemucca,5710360,1,US,1563682499,19,40.97,-117.74,86.0,6.93
6,Lithgow,2160053,0,AU,1563682499,25,-33.48,150.16,75.2,13.87
7,Rikitea,4030556,0,PF,1563682500,51,-23.12,-134.97,67.55,7.81
8,Hobart,2163355,20,AU,1563682221,41,-42.88,147.33,59.0,27.51
9,Tura,2014833,67,RU,1563682500,36,64.27,100.22,67.37,9.78
10,Padang,1633419,100,ID,1563682501,73,-0.92,100.36,81.95,3.58
11,Berlevag,780687,0,NO,1563682501,83,70.86,29.09,50.09,3.31
12,Robertsport,2274275,70,LR,1563682501,91,6.75,-11.37,75.65,6.82
13,Mataura,6201424,58,NZ,1563682502,96,-46.19,168.86,51.01,1.99
14,Sao Filipe,3374210,100,CV,1563682502,79,14.9,-24.5,72.77,12.68
15,Atuona,4020109,0,PF,1563682503,75,-9.8,-139.03,79.97,10.22
16,Port Elizabeth,4501427,1,US,1563682503,88,39.31,-74.98,86.0,3.36
17,Butaritari,2110227,57,KI,1563682504,67,3.07,172.79,83.93,5.91
18,Kodinar,1266397,76,IN,1563682504,65,20.79,70.7,85.73,7.47
19,Saint Anthony,5606187,1,US,1563682504,58,43.97,-111.68,75.2,6.93
20,Hilo,5855927,1,US,1563682505,58,19.71,-155.08,82.4,9.17
21,Bambous Virieux,1106677,20,MU,1563682505,93,-20.34,57.76,71.01,3.36
22,Hermanus,3366880,89,ZA,1563682505,79,-34.42,19.24,45.0,5.01
23,Kozhva,543246,0,RU,1563682506,68,65.11,57.05,64.49,2.64
24,Saint-Philippe,6138908,1,CA,1563682506,74,45.36,-73.48,81.0,11.41
25,Vaini,1273574,75,IN,1563682506,94,15.34,74.49,75.2,6.93
26,Barrow,3833859,100,AR,1563682507,88,-38.31,-60.23,61.97,13.78
27,Sinnamary,3380290,83,GF,1563682507,81,5.38,-52.96,81.05,14.97
28,Uvat,1487939,77,RU,1563682507,62,59.14,68.9,74.93,3.71
29,Bluff,2175403,64,AU,1563682508,58,-23.58,149.07,69.89,11.03
30,Cape Town,3369157,0,ZA,1563682414,93,-33.93,18.42,45.0,2.24
31,Acajutla,3587498,100,SV,1563682508,74,13.59,-89.83,84.47,7.52
32,Albany,5106834,20,US,1563682394,94,42.65,-73.75,75.0,4.7
33,Kisiwani,156918,13,TZ,1563682509,90,-4.13,37.95,62.33,3.42
34,Yar-Sale,1486321,4,RU,1563682509,56,66.83,70.83,71.33,2.3
35,Haines Junction,5969025,75,CA,1563682510,55,60.75,-137.51,61.97,8.88
36,Zhigansk,2012530,0,RU,1563682510,27,66.77,123.37,75.65,11.95
37,Punta Arenas,3874787,0,CL,1563682510,91,-53.16,-70.91,33.8,13.87
38,Severo-Kurilsk,2121385,77,RU,1563682510,94,50.68,156.12,46.13,12.62
39,Dinghai,1812805,40,CN,1563682511,79,26.28,119.79,86.0,8.95
40,Upernavik,3418910,100,GL,1563682511,95,72.79,-56.15,44.51,4.34
41,Mount Gambier,2156643,90,AU,1563682512,62,-37.83,140.78,55.4,14.99
42,Huambo,3348313,0,AO,1563682512,34,-12.78,15.73,45.95,1.86
43,Cherepovets,569223,75,RU,1563682512,93,59.13,37.92,59.0,4.47
44,Balakhta,1510998,0,RU,1563682512,65,55.38,91.62,59.63,3.56
45,Moerai,4034188,89,PF,1563682513,80,-22.43,-151.33,72.05,21.25
46,Vostok,2013279,79,RU,1563682513,86,46.45,135.83,75.65,0.36
47,Ribeira Grande,3372707,0,PT,1563682514,82,38.52,-28.7,72.23,24.07
48,Nemuro,2128975,75,JP,1563682514,88,43.32,145.57,66.2,8.05
49,Roald,3141667,100,NO,1563682514,100,62.58,6.12,59.0,2.24
50,Ponta do Sol,3453439,100,BR,1563682515,72,-20.63,-46.0,55.31,10.38
51,Nanortalik,3421765,98,GL,1563682515,97,60.14,-45.24,39.65,3.74
52,Tuktoyaktuk,6170031,75,CA,1563682515,76,69.44,-133.03,57.2,41.38
53,Kapaa,5848280,90,US,1563682396,74,22.08,-159.32,86.0,16.11
54,Hay River,5972762,20,CA,1563682516,49,60.82,-115.79,73.4,6.93
55,Kostino,729794,0,BG,1563682516,77,41.7,25.3,69.01,4.14
56,Manono,209598,0,CD,1563682516,44,-7.3,27.4,62.15,0.81
57,Taiyuan,1793511,0,CN,1563682517,43,37.86,112.56,87.8,2.24
58,Port Alfred,964432,93,ZA,1563682517,82,-33.59,26.89,45.0,7.0
59,Celmira,3624066,20,PA,1563682518,94,8.54,-82.8,80.6,1.12
60,Alice Springs,2077895,0,AU,1563682370,30,-23.7,133.88,68.0,9.17
61,Jamestown,2069194,0,AU,1563682518,63,-33.21,138.6,55.13,12.08
62,Magadan,2123628,44,RU,1563682385,72,59.56,150.8,54.23,8.14
63,Tateyama,1849876,75,JP,1563682518,49,36.66,137.31,93.2,13.87
64,Bethel,5880568,90,US,1563682400,67,60.79,-161.76,60.8,13.87
65,Ancud,3899695,75,CL,1563682519,100,-41.87,-73.83,39.2,3.36
66,Yulara,6355222,0,AU,1563682519,29,-25.24,130.99,64.4,9.17
67,Barcelos,3665098,0,BR,1563682520,95,-0.97,-62.93,72.77,1.5
68,Kirakira,2178753,43,SB,1563682520,81,-10.46,161.92,79.25,19.17
69,Chinchani,1261309,75,IN,1563682520,94,16.42,74.53,73.4,6.93
70,Poltavka,1494500,78,RU,1563682521,69,54.36,71.76,74.03,1.41
71,Lorengau,2092164,100,PG,1563682521,80,-2.02,147.27,82.49,9.75
72,Kaitangata,2208248,100,NZ,1563682522,92,-46.28,169.85,50.0,8.01
73,Hamilton,5969785,90,CA,1563682336,100,43.26,-79.87,73.99,8.05
74,Busselton,2075265,100,AU,1563682522,45,-33.64,115.35,64.0,27.69
75,Saint-Francois,2980080,90,FR,1563682522,88,46.42,3.91,68.0,3.58
76,Kapit,1737185,57,MY,1563682523,84,2.02,112.94,83.03,0.76
77,Dikson,1507390,100,RU,1563682523,100,73.51,80.55,40.55,6.31
78,New Norfolk,2155415,20,AU,1563682523,41,-42.78,147.06,59.0,27.51
79,Arraial do Cabo,3471451,11,BR,1563682524,81,-22.97,-42.02,67.91,23.91
80,Poum,787487,0,MK,1563682524,78,41.28,20.71,56.21,1.52
81,Glenwood Springs,5423092,1,US,1563682525,57,39.55,-107.33,71.6,9.17
82,Vao,588365,0,EE,1563682525,78,59.1,26.19,57.29,4.9
83,Narragansett,5225535,75,US,1563682525,78,41.45,-71.45,84.2,5.82
84,Tarumovka,484290,0,RU,1563682525,55,44.07,46.54,76.91,6.8
85,Ilulissat,3423146,26,GL,1563682526,81,69.22,-51.1,46.4,2.24
86,Rybachiy,472757,0,RU,1563682526,56,48.71,44.74,71.6,2.24
87,Aden,415189,86,YE,1563682526,52,12.79,45.03,86.99,16.04
88,Souillac,3026644,0,FR,1563682527,93,45.6,-0.6,60.8,2.24
89,Port Hardy,6111862,75,CA,1563682527,59,50.7,-127.42,62.6,5.82
90,Lavrentiya,4031637,100,RU,1563682527,86,65.58,-170.99,48.11,7.27
91,Bubaque,2374583,100,GW,1563682528,83,11.28,-15.83,78.89,8.81
92,Shenjiamen,1795632,16,CN,1563682528,89,29.96,122.3,80.69,9.91
93,College,5859699,40,US,1563682528,49,64.86,-147.8,68.0,17.22
94,Alto Longa,3407805,30,BR,1563682529,65,-5.25,-42.21,72.59,5.5
95,Puerto Ayora,3652764,8,EC,1563682529,93,-0.74,-90.35,70.0,1.01
96,Bilma,2446796,35,NE,1563682529,36,18.69,12.92,88.79,9.19
97,Chokurdakh,2126123,100,RU,1563682530,74,70.62,147.9,38.39,14.14
98,Castro,3896218,75,CL,1563682530,100,-42.48,-73.76,39.2,3.36
99,Lasa,146639,20,CY,1563682530,94,34.92,32.53,75.2,8.05
100,Carnarvon,1014034,95,ZA,1563682531,71,-30.97,22.13,32.63,13.13
101,Namatanai,2090021,96,PG,1563682531,74,-3.66,152.44,82.13,9.31
102,Teya,3526662,75,MX,1563682531,94,21.05,-89.07,73.99,6.93
103,Lebu,344979,40,ET,1563682532,87,8.96,38.73,55.4,9.17
104,Rio Branco,3662574,0,BR,1563682532,100,-9.98,-67.82,71.6,2.08
105,Terney,2015352,100,RU,1563682532,83,45.05,136.61,69.71,5.7
106,Bani Walid,2218840,0,LY,1563682533,79,31.76,14.0,64.85,6.13
107,Kolobovo,546374,39,RU,1563682533,94,56.71,41.34,55.67,6.49
108,Waipawa,2185329,7,NZ,1563682534,67,-39.94,176.59,55.0,2.1
109,Griffith,2164422,59,AU,1563682535,39,-34.29,146.06,64.99,17.22
110,Lompoc,5367788,1,US,1563682535,87,34.64,-120.46,64.0,5.82
111,Mahebourg,934322,20,MU,1563682535,93,-20.41,57.7,71.01,3.36
112,Qaanaaq,3831208,92,GL,1563682535,84,77.48,-69.36,39.83,2.66
113,Mar del Plata,3863379,0,AR,1563682536,66,-46.43,-67.52,34.07,5.37
114,Broken Hill,2173911,40,AU,1563682536,48,-31.97,141.45,60.8,11.41
115,Olavarria,3842670,100,AR,1563682536,96,-36.89,-60.32,61.0,13.91
116,Beringovskiy,2126710,46,RU,1563682537,63,63.05,179.32,65.57,14.41
117,Sao Joao da Barra,3448903,9,BR,1563682537,95,-21.64,-41.05,60.89,2.06
118,Yerbogachen,2012956,0,RU,1563682325,36,61.28,108.01,66.83,14.97
119,Beaverlodge,5896969,75,CA,1563682537,82,55.21,-119.43,62.6,5.82
120,Hithadhoo,1282256,100,MV,1563682538,78,-0.6,73.08,82.85,15.75
121,Ostrovnoy,556268,0,RU,1563682538,63,68.05,39.51,50.27,0.89
122,Kalmunai,1242110,100,LK,1563682539,61,7.42,81.82,82.85,7.47
123,Victoria,1733782,75,BN,1563682382,66,5.28,115.24,89.6,4.7
124,Mosquera,3674292,75,CO,1563682539,81,4.71,-74.23,53.6,5.82
125,Dubti,338554,64,ET,1563682540,28,11.74,41.09,90.77,4.97
126,Tarakan,1624725,58,ID,1563682540,61,3.3,117.63,87.17,1.12
127,Pocatello,5604045,1,US,1563682540,37,42.87,-112.44,79.0,6.93
128,Salihorsk,622428,0,BY,1563682541,89,52.79,27.54,58.73,1.14
129,Katsuura,1865309,75,JP,1563682541,94,33.93,134.5,82.99,23.04
130,Ust-Kuyga,2013921,16,RU,1563682541,43,70.0,135.55,56.39,21.5
131,Douglas,5554072,90,US,1563682542,93,58.28,-134.39,57.2,3.36
132,Henties Bay,3356832,0,NA,1563682542,96,-22.12,14.28,52.0,3.0
133,Shestakovo,2016733,99,RU,1563682543,50,56.49,103.96,67.55,4.81
134,Portsmouth,2639996,4,GB,1563682375,93,50.8,-1.08,57.0,6.93
135,Broome,2656067,54,GB,1563682543,93,52.47,1.45,57.99,5.82
136,Gariaband,1271534,7,IN,1563682543,71,20.63,82.06,83.75,5.73
137,Nome,4732862,1,US,1563682544,83,30.04,-94.42,84.99,4.7
138,Oranjemund,3354071,0,ZA,1563682544,53,-28.55,16.43,60.53,12.8
139,Cangzhou,1816080,2,CN,1563682544,42,38.3,116.85,92.75,6.51
140,Emba,146639,20,CY,1563682545,94,34.81,32.42,75.2,8.05
141,Yellowknife,6185377,20,CA,1563682545,43,62.45,-114.38,69.8,6.93
142,Paamiut,3421193,81,GL,1563682545,93,61.99,-49.67,42.17,12.39
143,Ewa Beach,5855051,40,US,1563682547,69,21.32,-158.01,87.8,13.87
144,Eenhana,3357804,0,NA,1563682547,25,-17.48,16.34,53.6,4.7
145,Urengoy,1488414,100,RU,1563682547,47,65.96,78.37,73.85,11.21
146,Nikolskoye,546105,0,RU,1563682548,87,59.7,30.79,59.0,6.71
147,Luderitz,3355672,0,NA,1563682548,56,-26.65,15.16,59.45,3.58
148,Bathsheba,3374083,20,BB,1563682549,78,13.22,-59.52,80.6,14.99
149,Enterprise,5503766,1,US,1563682436,9,36.05,-115.22,98.6,4.7
150,Ribas do Rio Pardo,3451399,49,BR,1563682549,58,-20.45,-53.76,67.73,8.72
151,Paka,2386756,72,CF,1563682550,97,4.15,15.03,66.83,3.13
152,Cherskiy,2126199,97,RU,1563682550,43,68.75,161.3,54.05,11.39
153,Hasaki,2112802,75,JP,1563682550,88,35.73,140.83,79.0,4.7
154,Ust-Maya,2013918,0,RU,1563682551,36,60.42,134.54,67.55,5.99
155,Pucara,3917939,0,BO,1563682551,68,-21.7,-64.2,59.09,4.05
156,Kaohsiung,1673820,75,TW,1563682293,100,22.62,120.31,77.0,8.05
157,Banda Aceh,1215502,100,ID,1563682551,80,5.56,95.32,81.59,32.39
158,Kodiak,4407665,90,US,1563682552,44,39.95,-94.76,88.0,23.04
159,San Luis,3837056,100,AR,1563682552,84,-33.3,-66.34,54.77,3.18
160,Viloco,3901485,100,BO,1563682552,68,-16.87,-67.5,41.27,8.97
161,Pangai,4032369,90,TO,1563682553,88,-19.8,-174.35,75.2,13.87
162,Praia da Vitoria,3372760,40,PT,1563682553,83,38.73,-27.07,72.0,25.57
163,Matara,425378,90,BI,1563682553,84,-3.48,29.48,52.61,3.74
164,Erzin,296852,0,TR,1563682554,61,36.95,36.2,80.6,8.05
165,Pisco,3932145,90,PE,1563682554,77,-13.71,-76.2,62.6,6.93
166,Tooele,5783695,1,US,1563682554,47,40.53,-112.3,82.99,10.29
167,Savonlinna,637293,0,FI,1563682555,82,61.87,28.88,60.8,2.86
168,Madras,5738690,1,US,1563682555,34,44.63,-121.13,77.0,8.05
169,Khatanga,2022572,24,RU,1563682555,33,71.98,102.47,77.81,11.43
170,Leningradskiy,2123814,90,RU,1563682556,91,69.38,178.42,36.95,14.23
171,Hami,1529484,100,CN,1563682556,52,42.84,93.51,74.93,11.56
172,Honningsvag,779554,4,NO,1563682556,83,70.98,25.97,50.63,3.51
173,Isangel,2136825,20,VU,1563682556,49,-19.55,169.27,73.4,11.41
174,Buraydah,107304,0,SA,1563682557,41,26.33,43.97,75.2,2.24
175,Alma,5421506,90,US,1563682557,50,39.28,-106.06,64.99,8.05
176,Westport,4845585,1,US,1563682425,78,41.14,-73.36,84.99,5.82
177,Clyde River,5924351,90,CA,1563682558,93,70.47,-68.59,39.2,11.41
178,Porosozero,506232,82,RU,1563682558,78,62.72,32.71,50.63,2.64
179,Portland,4975802,1,US,1563682532,78,43.66,-70.25,79.0,4.7
180,Basco,4863349,75,US,1563682558,94,40.33,-91.2,82.99,8.05
181,Cururupu,3401148,31,BR,1563682559,98,-1.82,-44.87,71.15,2.19
182,Pitimbu,3391889,75,BR,1563682559,100,-7.47,-34.81,71.6,3.36
183,Vestmannaeyjar,3412093,70,IS,1563682560,92,63.44,-20.27,51.71,4.25
184,Kenai,5866063,40,US,1563682560,72,60.55,-151.26,66.99,12.75
185,Port Blair,1259385,40,IN,1563682560,88,11.67,92.75,80.6,4.7
186,Faya,110690,0,SA,1563682561,27,18.39,42.45,64.4,2.8
187,La Suiza,3623112,20,CR,1563682561,73,9.85,-83.61,75.2,14.99
188,Moscow,524901,90,RU,1563682423,100,55.75,37.62,64.0,8.95
189,Maraba,3395503,20,BR,1563682562,88,-5.35,-49.1,73.4,1.41
190,Boueni,1090467,0,YT,1563682562,88,-12.9,45.08,75.2,11.41
191,Komsomolskiy,1486910,15,RU,1563682562,65,67.55,63.78,66.11,8.1
192,Niles,5003514,1,US,1563682563,94,41.83,-86.25,77.0,3.36
193,Saskylakh,2017155,8,RU,1563682564,39,71.97,114.09,62.51,8.41
194,Yumen,1528998,100,CN,1563682564,51,40.29,97.04,69.71,10.8
195,Dingle,1714733,100,PH,1563682565,71,11.0,122.67,86.09,4.81
196,Vila Franca do Campo,3372472,20,PT,1563682565,88,37.72,-25.43,69.8,10.29
197,Barra Patuca,3614835,78,HN,1563682565,83,15.8,-84.28,83.57,17.54
198,Thompson,6165406,40,CA,1563682566,67,55.74,-97.86,57.2,4.34
199,Tazovskiy,1489853,65,RU,1563682566,58,67.47,78.7,61.25,9.1
200,Igrim,1505965,68,RU,1563682566,66,63.19,64.42,69.89,5.79
201,Saint George,262462,0,GR,1563682338,87,39.45,22.34,72.0,1.54
202,Otukpo,2328113,87,NG,1563682567,98,7.19,8.13,70.79,3.69
203,Capao da Canoa,3467362,0,BR,1563682567,90,-29.75,-50.01,60.35,4.09
204,Samarai,2132606,41,PG,1563682567,71,-10.62,150.67,79.43,7.11
205,Grand Gaube,934479,20,MU,1563682568,93,-20.01,57.66,71.01,3.36
206,Saint-Pierre,2995603,0,FR,1563682304,93,48.95,4.24,62.6,2.24
207,Constitucion,4011743,90,MX,1563682568,59,23.99,-104.67,62.01,12.75
208,Makat,608872,0,KZ,1563682569,38,47.65,53.35,79.79,9.4
209,Witu,178093,20,KE,1563682569,4,-2.39,40.44,71.6,5.08
210,Baykit,1510689,94,RU,1563682570,37,61.68,96.39,63.41,13.09
211,Houlton,4967563,1,US,1563682273,69,46.13,-67.84,79.0,5.82
212,Palm Beach,2153924,0,AU,1563682570,23,-33.6,151.32,77.0,1.12
213,Cabo San Lucas,3985710,40,MX,1563682462,73,22.89,-109.91,79.0,5.82
214,Devonport,2168943,89,AU,1563682571,61,-41.18,146.36,55.99,3.0
215,Brae,2654970,59,GB,1563682571,93,60.4,-1.35,53.6,12.75
216,Georgetown,3378644,40,GY,1563682332,100,6.8,-58.16,75.2,2.24
217,Iqaluit,5983720,90,CA,1563682572,100,63.75,-68.52,39.2,11.41
218,Nenjiang,2035601,99,CN,1563682572,89,49.17,125.23,76.91,10.69
219,Darhan,2031964,22,MN,1563682572,64,49.49,105.92,70.97,5.95
220,Zeya,2012593,100,RU,1563682572,99,53.74,127.27,58.91,5.99
221,Alyangula,2079582,0,AU,1563682573,25,-13.85,136.42,84.2,12.75
222,Sangmelima,2222230,96,CM,1563682573,99,2.93,11.98,65.39,2.55
223,Itarema,3393692,76,BR,1563682573,88,-2.92,-39.92,72.23,7.0
224,Abu Samrah,172515,0,SY,1563682574,74,35.3,37.18,68.99,9.8
225,Pangnirtung,6096551,96,CA,1563682574,82,66.15,-65.72,48.29,3.96
226,Soligalich,491025,34,RU,1563682574,98,59.08,42.29,54.59,4.52
227,Bayshore Gardens,4146934,1,US,1563682575,88,27.43,-82.59,79.0,4.7
228,Acapulco,3533462,75,MX,1563682444,74,16.86,-99.88,86.0,10.29
229,Ichinohe,2129961,75,JP,1563682575,82,40.14,141.28,68.0,11.41
230,Merauke,2082539,52,ID,1563682576,78,-8.49,140.4,76.55,19.53
231,El Jicaro,3596940,100,GT,1563682576,98,14.91,-89.89,65.57,2.91
232,Alta Floresta,6316343,21,BR,1563682576,53,-9.87,-56.08,73.49,3.53
233,Acuitzio,4000821,100,MX,1563682576,90,20.34,-101.98,60.53,4.97
234,Athabasca,5887916,0,CA,1563682577,71,54.72,-113.29,62.69,4.61
235,Fortuna,2517679,0,ES,1563682577,47,38.18,-1.13,78.8,3.36
236,Grindavik,3416888,40,IS,1563682577,93,63.84,-22.43,55.0,8.05
237,Mackay,5921525,20,CA,1563682397,72,53.65,-115.58,68.0,2.24
238,Sepuka,150099,76,TZ,1563682578,68,-4.75,34.53,58.91,7.29
239,Salalah,286621,90,OM,1563682579,94,17.01,54.1,78.8,2.24
240,Narsaq,3421719,100,GL,1563682579,87,60.91,-46.05,48.2,2.24
241,Bredasdorp,1015776,69,ZA,1563682563,86,-34.53,20.04,44.01,5.82
242,Burnie,2173125,86,AU,1563682579,61,-41.05,145.91,54.0,3.0
243,Nuuk,3421319,100,GL,1563682581,100,64.17,-51.74,42.8,1.12
244,Vila Velha,6320062,20,BR,1563682582,69,-3.71,-38.6,86.0,11.41
245,Touros,3386213,40,BR,1563682582,94,-5.2,-35.46,73.4,3.36
246,Christchurch,2192362,100,NZ,1563682393,100,-43.53,172.64,55.0,9.17
247,Bjornevatn,780643,17,NO,1563682582,87,69.67,29.98,55.4,8.05
248,Richards Bay,962367,100,ZA,1563682583,71,-28.77,32.06,61.25,34.69
249,Kasongo-Lunda,2315026,0,CD,1563682583,88,-6.48,16.82,60.17,2.98
250,Quelimane,1028434,22,MZ,1563682584,100,-17.88,36.89,64.4,3.36
251,Alofi,4036284,99,NU,1563682584,94,-19.06,-169.92,77.0,9.17
252,Ulaangom,1515029,20,MN,1563682584,38,49.98,92.07,70.79,5.01
253,Coquimbo,3893629,100,CL,1563682585,87,-29.95,-71.34,53.6,3.36
254,Coswig,2939820,20,DE,1563682585,100,51.13,13.58,62.01,4.7
255,Hualmay,3939761,8,PE,1563682585,87,-11.1,-77.61,61.61,9.73
256,Pitelino,509273,14,RU,1563682586,95,54.58,41.81,58.01,9.01
257,Port Hedland,2063042,0,AU,1563682586,22,-20.31,118.58,77.0,14.99
258,Vardo,4372777,1,US,1563682587,83,39.62,-77.74,84.99,3.96
259,Cayenne,3382160,34,GF,1563682587,94,4.94,-52.33,75.2,3.56
260,Klaksvik,2618795,100,FO,1563682587,100,62.23,-6.59,50.0,5.82
261,Pochinok,508606,0,RU,1563682587,88,54.4,32.44,52.97,4.38
262,Cidreira,3466165,0,BR,1563682588,84,-30.17,-50.22,61.97,11.79
263,Senai,1732752,75,MY,1563682588,62,1.59,103.65,89.6,4.7
264,Tokur,2015217,100,RU,1563682589,98,53.13,132.9,51.35,5.91
265,Xining,1788852,100,CN,1563682589,95,36.62,101.77,47.57,3.36
266,Kieta,2094027,6,PG,1563682590,79,-6.22,155.63,81.95,13.4
267,Port Macquarie,2152659,0,AU,1563682498,25,-31.43,152.91,77.0,12.75
268,Aklavik,5882953,90,CA,1563682590,56,68.22,-135.01,68.0,25.28
269,Kajiado,195298,20,KE,1563682590,87,-1.85,36.79,55.4,5.46
270,Rawson,3839307,100,AR,1563682591,84,-43.3,-65.11,43.43,16.73
271,Maragogi,3395458,61,BR,1563682591,94,-9.01,-35.22,70.43,5.37
272,Faanui,4034551,41,PF,1563682591,78,-16.48,-151.75,77.27,18.25
273,Sur,286245,33,OM,1563682592,68,22.57,59.53,80.15,6.96
274,Sao Mateus,3448519,0,BR,1563682593,94,-18.72,-39.86,62.69,2.48
275,Aykhal,2027296,0,RU,1563682593,26,65.95,111.51,71.6,6.71
276,Mount Isa,2065594,18,AU,1563682593,10,-20.73,139.49,80.6,6.93
277,Umm Lajj,100926,0,SA,1563682594,78,25.02,37.27,85.91,16.4
278,Namie,2111704,75,JP,1563682594,100,37.52,140.86,72.0,3.36
279,Coahuayana,3981460,100,MX,1563682594,95,18.62,-100.35,70.79,0.81
280,Impfondo,2259655,93,CD,1563682595,93,1.62,18.06,70.97,1.74
281,Codrington,2160063,0,AU,1563682577,37,-28.95,153.24,71.6,2.24
282,Geraldton,5960603,75,CA,1563682595,87,49.72,-86.95,60.8,5.82
283,Lazaro Cardenas,3996234,20,MX,1563682596,27,28.39,-105.62,86.0,5.82
284,Torbay,6167817,90,CA,1563682596,93,47.66,-52.73,48.99,6.93
285,Yevlax,585514,0,AZ,1563682596,57,40.61,47.15,78.8,6.93
286,Bilibino,2126682,84,RU,1563682597,44,68.06,166.44,47.57,7.76
287,Tucuman,3934608,0,PE,1563682597,35,-17.17,-70.89,53.33,3.69
288,Linxia,1803331,100,CN,1563682597,76,35.6,103.21,60.17,8.32
289,Abilene,4669635,1,US,1563682598,39,32.45,-99.73,86.0,13.87
290,Shiraz,115019,0,IR,1563682598,26,29.61,52.54,82.4,8.32
291,Naryan-Mar,523392,100,RU,1563682598,86,67.67,53.09,45.77,8.5
292,Tarko-Sale,1490085,96,RU,1563682599,44,64.92,77.78,82.0,12.5
293,Saldanha,2737599,28,PT,1563682599,68,41.42,-6.55,64.13,3.62
294,Batemans Bay,2176639,0,AU,1563682600,50,-35.71,150.18,68.0,8.99
295,San Patricio,3437029,0,PY,1563682600,72,-26.98,-56.83,69.71,14.07
296,Te Anau,2181625,98,NZ,1563682477,82,-45.41,167.72,47.93,3.89
297,Yeppoon,2142316,90,AU,1563682600,72,-23.13,150.74,68.0,8.05
298,Kampot,1831112,40,KH,1563682597,74,10.62,104.18,84.2,6.93
299,Libreville,2399697,40,GA,1563682601,88,0.39,9.45,77.0,5.82
300,Moen,2982681,2,BE,1563682601,87,50.77,3.4,61.0,5.82
301,Monrovia,2274895,89,LR,1563682601,89,6.33,-10.8,75.83,9.64
302,Hofn,2630299,100,IS,1563682602,98,64.25,-15.21,39.65,6.62
303,Iberia,3938531,0,PE,1563682602,66,-11.41,-69.49,73.67,1.99
304,Ballina,2966778,100,IE,1563682602,99,54.11,-9.15,60.01,14.65
305,Tilichiki,2120591,100,RU,1563682603,97,60.47,166.1,51.35,3.62
306,Kolokani,2454955,37,ML,1563682603,80,13.58,-8.03,75.65,5.82
307,Kleive,3145495,100,NO,1563682604,87,62.8,7.64,62.6,3.36
308,Kasane,933677,0,BW,1563682604,18,-17.8,25.16,49.73,5.75
309,Norman Wells,6089245,75,CA,1563682604,57,65.28,-126.83,75.2,3.36
310,Esperance,2071860,75,AU,1563682605,59,-33.86,121.89,62.6,24.16
311,Provideniya,4031574,100,RU,1563682605,90,64.42,-173.23,51.89,10.71
312,Bacolod,1729564,87,PH,1563682605,71,10.68,122.95,83.93,3.62
313,Cervena Voda,3077972,100,CZ,1563682606,63,50.04,16.74,69.01,0.45
314,Bandarbeyla,64814,100,SO,1563682606,60,9.49,50.81,77.81,30.11
315,Kot Radha kishan,1182829,20,PK,1563682607,66,31.17,74.1,86.0,6.93
316,Tasiilaq,3424607,100,GL,1563682580,93,65.61,-37.64,37.4,2.33
317,Sitka,4267710,0,US,1563682345,30,37.17,-99.65,89.33,18.9
318,Jan Kempdorp,994023,49,ZA,1563682607,77,-27.92,24.84,25.97,0.85
319,Belmonte,8010472,0,PT,1563682608,91,40.36,-7.35,68.0,0.83
320,San Felipe,3872255,100,CL,1563682608,80,-32.75,-70.73,50.0,3.38
321,Moroto,229112,73,UG,1563682608,79,2.53,34.66,68.09,2.15
322,Bontang,1648186,39,ID,1563682609,53,0.12,117.47,91.67,1.34
323,Astoria,5711847,1,US,1563682609,77,46.19,-123.83,72.0,11.41
324,Lumphat,1830377,100,KH,1563682609,86,13.5,106.97,82.49,1.1
325,San Quintin,1688687,100,PH,1563682610,71,17.54,120.52,85.37,6.29
326,Ligayan,1706466,11,PH,1563682610,74,4.65,119.47,81.95,2.64
327,Pierre,5767918,1,US,1563682610,88,44.37,-100.35,70.0,4.7
328,Surt,2210554,0,LY,1563682611,71,31.21,16.59,76.73,10.04
329,Kulob,1221194,0,TJ,1563682611,20,37.91,69.78,96.8,2.24
330,Tezu,1254709,100,IN,1563682612,92,27.93,96.16,75.83,3.38
331,Longyearbyen,2729907,75,NO,1563682612,86,78.22,15.63,41.0,16.11
332,Shar,2347266,95,NG,1563682613,98,7.3,8.73,71.15,4.7
333,Pevek,2122090,60,RU,1563682613,85,69.7,170.27,34.61,6.69
334,Daru,2098329,95,PG,1563682613,66,-9.07,143.21,79.07,9.37
335,Cap-Chat,5915359,100,CA,1563682614,85,49.1,-66.68,61.25,10.6
336,Airai,1651810,88,TL,1563682614,45,-8.93,125.41,81.95,5.06
337,La Seyne-sur-Mer,3006414,0,FR,1563682425,82,43.1,5.88,72.0,3.36
338,Fethiye,314967,0,TR,1563682615,60,36.62,29.12,75.2,5.82
339,Rudnaya Pristan,2017384,100,RU,1563682615,95,44.36,135.82,67.01,3.83
340,Smalininkai,598655,67,LT,1563682615,87,55.07,22.58,57.83,5.39
341,Vangaindrano,1054329,0,MG,1563682616,65,-23.35,47.6,55.85,3.96
342,Vanderhoof,6173361,65,CA,1563682616,61,54.02,-124.02,62.87,4.14
343,Ginda,1253628,0,IN,1563682616,73,30.69,78.49,69.17,2.68
344,La Primavera,3844421,0,AR,1563682617,21,-32.92,-68.67,48.2,4.7
345,Pacific Grove,5380437,90,US,1563682395,72,36.62,-121.92,68.0,4.7
346,San Andres,1690438,100,PH,1563682617,61,13.32,122.68,88.25,5.26
347,Meulaboh,1214488,100,ID,1563682617,72,4.14,96.13,80.51,3.4
348,Grand Junction,5423573,1,US,1563682430,24,39.06,-108.55,82.4,9.17
349,Xiongzhou,6957998,40,CN,1563682619,59,32.34,118.83,91.4,4.47
350,Jablonec nad Jizerou,3074604,100,CZ,1563682602,87,50.7,15.43,62.01,3.96
351,Karaton,1630058,20,ID,1563682619,49,-6.34,106.1,89.6,5.82
352,Stephenville,6156244,90,CA,1563682620,100,48.55,-58.59,59.0,3.36
353,Guadalajara,3121070,0,ES,1563682620,44,40.63,-3.16,82.0,2.24
354,Nong Han,1608251,40,TH,1563682621,79,17.36,103.11,86.0,3.36
355,Chuy,3443061,27,UY,1563682621,85,-33.69,-53.46,61.79,11.83
356,Jalu,86049,0,LY,1563682373,50,29.03,21.55,73.67,8.57
357,Saint-Raphael,3717546,99,HT,1563682621,93,19.43,-72.2,72.23,5.23
358,Diamantino,3464724,97,BR,1563682622,52,-14.4,-56.44,70.97,5.77
359,Charlottetown,5920288,15,CA,1563682622,84,46.23,-63.13,71.01,9.48
360,Santo Rosario,1695848,75,PH,1563682622,66,15.11,120.82,91.0,4.7
361,Hermiston,5731070,1,US,1563682349,25,45.84,-119.29,79.0,4.7
362,Ocos,3592086,75,GT,1563682623,100,14.51,-92.19,77.0,6.15
363,Marzuq,72181,47,YE,1563682623,38,14.4,46.47,73.49,1.9
364,Espanola,5949493,96,CA,1563682623,71,46.27,-81.77,71.01,9.15
365,Kloulklubed,7671223,67,PW,1563682624,73,7.04,134.26,83.57,7.83
366,Gushikawa,1863495,75,JP,1563682624,70,26.35,127.87,89.6,4.7
367,Gisborne,2206854,67,NZ,1563682624,52,-38.66,178.02,60.01,6.85
368,Maraa,3663475,2,BR,1563682625,97,-1.83,-65.37,72.23,2.59
369,Atamanovka,2027373,40,RU,1563682625,63,51.92,113.65,64.4,11.18
370,Khor,2022317,100,RU,1563682625,83,47.88,134.96,80.51,11.36
371,Tiksi,2015306,40,RU,1563682589,68,71.64,128.87,40.37,17.16
372,Cricau,680248,5,RO,1563682626,93,46.18,23.57,59.0,2.24
373,Puerto Carreno,3671519,97,CO,1563682626,88,6.19,-67.49,77.81,2.1
374,Sambava,1056899,57,MG,1563682626,87,-14.27,50.17,67.55,2.04
375,Solnechnyy,2016307,100,RU,1563682627,78,50.72,136.64,75.47,4.38
376,Koronadal,1708522,20,PH,1563682627,66,6.5,124.84,86.0,4.7
377,Sorland,3137469,92,NO,1563682627,97,67.67,12.69,52.07,16.64
378,Leh,1264976,24,IN,1563682628,31,34.16,77.58,45.23,2.75
379,Coyutla,3530110,100,MX,1563682628,90,20.25,-97.66,69.71,3.4
380,Gold Coast,2165087,0,AU,1563682629,64,-28.0,153.41,73.0,12.75
381,Dalton,4190581,1,US,1563682629,94,34.77,-84.97,77.0,4.54
382,Bonfim,3379316,76,GY,1563682630,83,3.36,-59.84,76.91,6.04
383,Ixtapa,4004293,90,MX,1563682630,74,20.71,-105.21,82.4,4.7
384,Lom Sak,1609043,40,TH,1563682630,62,16.78,101.24,87.8,6.93
385,Sabang,1726279,100,PH,1563682630,78,13.8,121.11,87.01,1.99
386,Port Augusta,2063056,75,AU,1563682631,45,-32.49,137.76,62.6,13.87
387,Esna,675840,20,RO,1563682631,87,45.2,27.57,60.8,4.7
388,San Cristobal,3609418,82,HN,1563682631,94,14.68,-86.92,66.83,3.83
389,Great Yarmouth,2647984,33,GB,1563682632,93,52.61,1.73,57.99,5.82
390,Shimoda,1852357,75,JP,1563682369,88,34.7,138.93,82.4,6.93
391,Serenje,898912,0,ZM,1563682632,53,-13.23,30.22,52.25,3.13
392,Margate,2158744,20,AU,1563682632,41,-43.03,147.26,59.0,27.51
393,Mangrol,1263751,45,IN,1563682633,41,25.33,76.51,95.63,7.23
394,Sal Rei,3374235,75,CV,1563682633,73,16.18,-22.92,75.2,13.87
395,Calbuco,3897334,75,CL,1563682633,93,-41.77,-73.13,41.0,12.75
396,Oksfjord,778362,88,NO,1563682634,72,70.24,22.35,60.8,1.12
397,Itaituba,3397967,32,BR,1563682634,72,-4.26,-55.99,73.13,0.76
398,Morondava,1058381,0,MG,1563682634,65,-20.3,44.28,72.95,4.72
399,Aripuana,3665202,40,BR,1563682635,66,-9.17,-60.63,75.65,0.54
400,Naze,2337542,100,NG,1563682635,95,5.43,7.07,72.77,1.07
401,Husavik,5961417,0,CA,1563682635,71,50.56,-96.99,62.01,3.0
402,Puerto Escondido,3520994,100,MX,1563682635,80,15.86,-97.07,79.79,3.09
403,Nishihara,1850144,75,JP,1563682636,78,35.74,139.53,84.0,4.7
404,Bojnurd,140380,75,IR,1563682636,65,37.47,57.33,77.0,11.41
405,Camacha,2270385,40,PT,1563682637,77,33.08,-16.33,69.8,12.75
406,La Rioja,3848950,100,AR,1563682637,30,-29.41,-66.86,56.75,4.61
407,Fort Nelson,5955902,40,CA,1563682637,36,58.81,-122.69,80.6,3.36
408,Hervey Bay,2146219,40,AU,1563682638,49,-25.3,152.85,75.0,12.75
409,Walvis Bay,3359638,90,NA,1563682638,87,-22.95,14.51,60.8,10.29
410,Anqing,1817993,32,CN,1563682639,48,30.51,117.04,96.71,1.05
411,Fengzhen,2037391,29,CN,1563682639,36,40.43,113.15,83.39,4.99
412,Haverfordwest,2647311,98,GB,1563682639,87,51.8,-4.97,62.01,13.87
413,Forestville,6944112,75,CA,1563682640,88,48.74,-69.09,62.6,9.17
414,Gaoual,2420826,100,GN,1563682640,97,11.75,-13.2,72.23,3.6
415,Waterford,2960992,88,IE,1563682640,87,52.26,-7.11,59.0,3.0
416,Caravelas,3466980,46,BR,1563682641,77,-17.73,-39.27,71.33,13.27
417,Chingola,919009,0,ZM,1563682641,51,-12.55,27.86,48.65,3.18
418,Okhotsk,2122605,0,RU,1563682641,36,59.36,143.24,68.63,12.66
419,Stutterheim,951650,0,ZA,1563682642,70,-32.57,27.43,46.4,8.05
420,Leninskoye,1510350,75,RU,1563682642,68,54.82,82.85,64.4,8.95
421,Dengzhou,1812990,49,CN,1563682642,47,32.69,112.08,93.11,6.8
422,Ambalavao,1083968,0,MG,1563682643,69,-21.83,46.94,49.01,2.57
423,Hobyo,57000,96,SO,1563682643,72,5.35,48.53,74.93,21.61
424,Bougouni,2459775,7,ML,1563682643,87,11.42,-7.49,73.13,6.04
425,Kahului,5847411,75,US,1563682644,65,20.89,-156.47,84.2,13.87
426,Guerrero Negro,4021858,65,MX,1563682644,84,27.97,-114.04,65.93,18.86
427,Rafraf,2467813,0,TN,1563682644,69,37.19,10.18,78.8,3.36
428,Assiniboia,5887798,72,CA,1563682644,77,49.63,-105.99,62.15,7.16
429,Capitao Poco,3403127,7,BR,1563682569,95,-1.75,-47.06,70.97,4.23
430,Mecca,104515,33,SA,1563682645,36,21.43,39.83,84.65,6.04
431,Tiarei,4033356,20,PF,1563682378,65,-17.53,-149.33,78.8,3.36
432,Svetlogorsk,584051,40,RU,1563682645,77,53.14,59.15,64.4,13.42
433,Bani,34915,89,YE,1563682646,84,16.02,42.93,86.27,4.79
434,Zastron,937246,0,ZA,1563682646,81,-30.3,27.08,23.27,2.28
435,Poso,1630723,2,ID,1563682646,46,-1.4,120.75,76.37,5.97
436,Shemonaikha,1519226,67,KZ,1563682647,63,50.63,81.92,71.69,3.51
437,Vilhena,3924679,100,BR,1563682647,53,-12.74,-60.15,73.67,3.15
438,Shahdol,1256739,0,IN,1563682647,52,23.3,81.36,89.51,3.83
439,Tuatapere,2180815,78,NZ,1563682648,96,-46.13,167.69,51.01,1.99
440,Kavaratti,1267390,100,IN,1563682648,79,10.57,72.64,82.31,25.66
441,Port Lincoln,2063036,2,AU,1563682648,73,-34.72,135.86,58.55,26.24
442,Auki,2339937,61,NG,1563682649,73,12.18,6.51,72.77,12.01
443,Kualakapuas,1639304,0,ID,1563682649,59,-3.01,114.39,87.89,5.14
444,Porto Novo,6322184,20,BR,1563682649,72,-23.68,-45.44,59.0,4.7
445,Swidnik,757692,0,PL,1563682650,93,51.22,22.7,66.0,1.12
446,Gamba,1281256,0,CN,1563682650,55,28.28,88.52,48.47,2.93
447,Hambantota,1244926,90,LK,1563682651,74,6.12,81.12,86.0,12.75
448,Laishevo,537158,0,RU,1563682652,68,55.4,49.55,66.2,6.71
449,Carauari,3664659,60,BR,1563682652,85,-4.88,-66.9,74.57,2.89
450,Yelizovo,2119538,40,RU,1563682652,64,53.19,158.38,71.6,13.42
451,Tkibuli,611584,90,GE,1563682652,100,42.35,43.0,69.8,2.24
452,Aguas Vermelhas,3472848,11,BR,1563682653,98,-15.75,-41.46,54.59,3.78
453,Ola,2122574,39,RU,1563682653,77,59.58,151.3,54.59,7.47
454,Zelenets,479119,0,RU,1563682653,86,53.83,48.02,60.71,9.53
455,Talara,3691582,0,PE,1563682521,92,-4.58,-81.27,63.95,17.76
456,Cocobeach,2401357,40,GA,1563682654,88,1.01,9.58,77.0,5.82
457,Usinsk,863061,0,RU,1563682654,72,66.0,57.56,63.41,3.85
458,Safford,5312476,1,US,1563682466,13,32.83,-109.71,95.0,14.99
459,Saint-Joseph,3037456,0,FR,1563682655,88,43.56,6.97,70.0,3.36
460,Masuguru,878054,0,MZ,1563682655,83,-11.38,38.46,63.41,2.57
461,Mandalgarh,1263911,52,IN,1563682655,46,25.2,75.09,92.39,5.39
462,Bacarra,1729655,75,PH,1563682656,79,18.25,120.61,86.0,8.05
463,Kudat,1736458,75,MY,1563682657,70,6.89,116.84,87.8,6.93
464,Sao Felix do Xingu,3388847,37,BR,1563682593,65,-6.64,-51.99,70.07,2.53
465,Gat,2249901,0,SN,1563682552,83,14.69,-16.54,80.6,2.24
466,Olinda,2154386,40,AU,1563682658,54,-37.84,145.39,62.01,14.99
467,Marquette,5000947,1,US,1563682629,82,46.54,-87.4,66.0,4.7
468,Nha Trang,1572151,20,VN,1563682658,56,12.24,109.19,93.2,10.29
469,Sovetskiy,490040,34,RU,1563682659,94,56.76,48.47,57.65,8.28
470,Permet,782070,0,AL,1563682659,62,40.23,20.35,72.0,1.99
471,Bardstown,4283133,1,US,1563682660,83,37.81,-85.47,84.0,4.25
472,Avera,4231997,40,US,1563682660,58,33.19,-82.53,84.2,4.7
473,Kaeo,2189343,11,NZ,1563682661,100,-35.1,173.78,57.0,8.08
474,Victor Harbor,2059470,20,AU,1563682661,67,-35.55,138.62,60.01,13.87
475,Markova,2023469,40,RU,1563682661,88,52.21,104.21,68.0,4.47
476,Posse,3452599,0,BR,1563682661,52,-14.08,-46.36,66.65,9.82
477,Kjollefjord,779261,0,NO,1563682662,78,70.95,27.35,51.35,3.69
478,Nurota,1513087,0,UZ,1563682662,13,40.56,65.69,96.8,2.24
479,Baijiantan,1529626,0,CN,1563682662,18,45.63,85.18,82.13,14.7
480,Havoysund,779622,17,NO,1563682663,76,71.0,24.66,57.2,4.7
481,Los Llanos de Aridane,2514651,90,ES,1563682663,83,28.66,-17.92,71.6,12.75
482,Namibe,3347019,0,AO,1563682664,83,-15.19,12.15,68.45,3.09
483,Kabinda,215527,0,CD,1563682664,36,-6.14,24.49,65.93,2.51
484,Kavieng,2094342,100,PG,1563682664,77,-2.57,150.8,83.21,13.89
485,Booue,2401495,62,GA,1563682665,98,-0.09,11.94,69.35,2.84
486,Kruisfontein,986717,0,ZA,1563682665,82,-34.0,24.73,41.63,7.61
487,Tautira,4033557,20,PF,1563682666,65,-17.73,-149.15,77.0,3.36
488,San Jose,3602137,1,HN,1563682666,69,14.25,-87.96,77.0,4.7
489,Eureka,5563397,90,US,1563682666,87,40.8,-124.16,60.01,4.7
490,Mitu,117392,0,IR,1563682667,46,36.2,46.09,68.27,4.0
491,Ondangwa,3354247,0,NA,1563682667,25,-17.91,15.98,53.6,4.7
492,Vieques,4568570,20,PR,1563682667,74,18.43,-65.83,82.4,3.36
493,Road Town,3577430,1,VG,1563682668,78,18.42,-64.62,82.4,8.05
494,Labuhan,1641899,4,ID,1563682668,54,-2.54,115.51,89.51,2.35
495,La Ronge,6050066,5,CA,1563682669,63,55.1,-105.3,60.8,2.24
496,Gazojak,1514792,0,TM,1563682669,24,41.19,61.4,94.37,18.79
497,Rio Grande,3451138,0,BR,1563682669,92,-32.03,-52.1,59.0,8.61
498,Shieli,1524801,72,KZ,1563682669,17,44.18,66.74,93.29,7.0
499,Lao Cai,1576303,100,VN,1563682670,91,22.48,103.95,73.67,3.76
500,Talnakh,1490256,0,RU,1563682670,33,69.49,88.39,73.4,13.42
501,Tucurui,3385935,80,BR,1563682513,77,-3.77,-49.67,73.31,2.24
502,Alasehir,324172,0,TR,1563682671,76,38.35,28.52,66.29,4.12
503,Manta,685981,0,RO,1563682671,69,45.1,24.1,60.53,1.81
504,Aksarka,1512019,25,RU,1563682671,58,66.56,67.8,69.89,3.51
505,Akdepe,601551,0,TM,1563682672,30,42.05,59.39,87.8,13.87
506,Isla Mujeres,3526756,40,MX,1563682672,100,21.23,-86.73,80.6,4.7
507,Codo,6362909,0,ES,1563682672,77,41.33,-0.7,70.0,11.41
508,Pag,3193726,0,HR,1563682673,87,44.45,15.06,60.8,6.93
509,Edd,338345,39,ER,1563682673,38,13.93,41.69,86.09,1.03
510,Harrisonville,4389658,1,US,1563682489,66,38.65,-94.35,89.01,7.63
511,Sao Jose da Coroa Grande,3388456,61,BR,1563682674,94,-8.9,-35.15,70.43,5.37
512,Rumoi,2128382,40,JP,1563682674,57,43.93,141.67,80.6,3.36
513,Lagoa,2267254,0,PT,1563682674,68,37.14,-8.45,71.6,4.7
514,Lata,1253628,11,IN,1563682592,76,30.78,78.62,49.91,5.21
515,Juba,587450,14,EE,1563682675,93,57.82,26.93,59.0,1.54
516,Mezhdurechenskiy,1498919,39,RU,1563682675,84,59.59,65.91,70.97,3.87
517,Trojes,783493,0,AL,1563682675,88,41.76,19.96,64.4,3.36
518,Linhai,1803422,4,CN,1563682676,72,28.86,121.14,93.99,5.01
519,Nova Odesa,699811,0,UA,1563682676,68,47.3,31.79,66.83,3.11
520,Kurilsk,2123979,0,RU,1563682676,87,45.23,147.88,56.75,8.81
521,Champagnole,3027235,75,FR,1563682677,88,46.75,5.91,68.0,1.12
522,Usogorsk,478297,63,RU,1563682677,86,63.43,48.71,54.59,6.2
523,Sawakin,367544,9,SD,1563682677,17,19.1,37.33,84.47,2.89
524,Cap-aux-Meules,5915327,32,CA,1563682678,84,47.38,-61.86,64.13,14.29
525,Ulladulla,2145554,0,AU,1563682678,22,-35.36,150.48,70.0,18.34
526,Zeltweg,2760610,100,AT,1563682617,88,47.19,14.75,68.0,2.24
527,Kutum,371745,100,SD,1563682678,82,14.2,24.66,67.91,8.14
528,Kihei,5849297,75,US,1563682679,65,20.76,-156.45,84.2,13.87
529,Shaunavon,6145425,21,CA,1563682679,71,49.65,-108.41,58.73,1.95
530,Lagunas,3695844,0,PE,1563682679,93,-5.23,-75.68,71.69,1.25
531,Portovelo,3652943,12,EC,1563682680,95,-3.72,-79.62,65.93,0.47
532,Bama,1817135,93,CN,1563682680,77,24.14,107.25,83.21,4.29
533,Mildura,2157698,0,AU,1563682681,39,-34.18,142.16,63.0,10.29
534,Dauriya,2025099,56,RU,1563682681,63,49.93,116.85,66.83,17.45
535,Kaputa,176758,0,ZM,1563682681,52,-8.47,29.66,57.29,1.99
